group,country,count
Your Fans,AE,4608
Your Fans,OM,2880
Your Fans,BH,2212
Your Fans,QA,953
Your Fans,IN,845
Your Fans,SA,435
Your Fans,KW,356
Your Fans,EG,304
Your Fans,BR,235
Your Fans,PK,151
Your Fans,NG,142
Your Fans,ID,141
Your Fans,PH,135
Your Fans,US,120
Your Fans,SY,113
Your Fans,GB,102
Your Fans,IR,78
Your Fans,VN,64
Your Fans,MA,58
Your Fans,BD,51
Your Fans,CA,48
Your Fans,KR,48
Your Fans,JO,46
Your Fans,LB,41
Your Fans,IQ,34
Your Fans,AU,27
Your Fans,JP,25
Your Fans,TR,25
Your Fans,MY,24
Your Fans,ZA,23
Your Fans,MX,23
Your Fans,NP,21
Your Fans,FR,21
Your Fans,IT,21
Your Fans,LK,20
Your Fans,DZ,19
Your Fans,DE,17
Your Fans,YE,17
Your Fans,TW,15
Your Fans,TH,15
Your Fans,ES,15
Your Fans,KE,14
Your Fans,TN,14
Your Fans,RU,12
Your Fans,UZ,12
Your Fans,CO,12
Your Fans,AR,12
Your Fans,CN,12
Your Fans,IE,11
Your Fans,SG,11
Your Fans,RO,11