group,gender and age,count
Your Fans,Male, 25-34,3064
Your Fans,Male, 35-44,2590
Your Fans,Undisclosed, 25-34,1633
Your Fans,Female, 35-44,1449
Your Fans,Undisclosed, 35-44,1249
Your Fans,Female, 25-34,1114
Your Fans,Male, 45-54,799
Your Fans,Male, 18-24,544
Your Fans,Undisclosed, 45-54,540
Your Fans,Undisclosed, 18-24,539
Your Fans,Female, 45-54,485
Your Fans,Female, 18-24,190
Your Fans,Male, 55-64,164
Your Fans,Undisclosed, 55-64,130
Your Fans,Female, 55-64,99
Your Fans,Undisclosed, 13-17,88
Your Fans,Undisclosed, 65+,61
Your Fans,Male, 13-17,53
Your Fans,Male, 65+,44
Your Fans,Female, 65+,30
Your Fans,Female, 13-17,21