hashtags,Posts count,Reach,Engagement Rate
#PocariSweat,52,1054.5,4.497115384615386
#EverydayHydration,4,585.75,7.4875
#BodyFluidBalance,1,400,2.65
#DohaMarathon,2,749,5.345000000000001
#Hydration,15,1396.4666666666667,3.9580000000000006
#IonSupplyPartner,1,9730,1.59
#MuscatMarathon,1,9730,1.59
#ExperienceOmanMuscatMarathon,1,9730,1.59
#StayInBalance,3,647.6666666666666,9.1
#TogetherToTokyo,6,1866.1666666666667,2.4
#TokyoMarathon,5,1141.2,2.462
#SweatForSuccess,5,1685,2.282
#RamadanHydration,1,378,2.97
#AfterIftar,1,378,2.97
#HydrateSmarter,1,378,2.97
#RamadanInDubai,2,645,2.635
#IONBalance,3,605.3333333333334,4.01
#ramadan,2,621,4.12
#NASRun,1,703,3.65
#NASports,1,703,3.65
#healthylifestyle,1,716,1.48
#health,2,794,2.4450000000000003
#recovery,1,872,3.41
#TokyoMarathon2026,1,5491,2.09
#StayHydrated,7,692.5714285714286,7.474285714285714
#Electrolytes,5,862.6,4.638
#HydrateRight,3,938.6666666666666,5.53
#HydrateRigh,1,560,1.37
#GenZ,1,1588,2.41
#Trending,1,1588,2.41
#Hajj,2,1151.5,2.94
#HajjEssentials,1,1400,2.62
#Hajj2026,3,1141.6666666666667,6.09
#IONs,1,1122,12.39
#UAESummer,1,741,2.36
#Recharge,1,613,13.78
#SummerGames,1,475,16.93
#ActiveLifestyle,1,475,16.93
#HydrationSupport,1,449,1.58
#StayCool,1,449,1.58
#SummerWellness,1,449,1.58
#GoSweatGoION,2,561.5,2.16
#HydrationBoost,1,384,3.65
#BeatTheHeat,1,384,3.65
#StayHealthy,1,674,2.74
#Summer,5,670.2,4.474
#HydrateSmart,17,759.9411764705883,4.045294117647059
#2026Summer,2,1756.5,4.345000000000001
#HydrationHero,1,937,5.23
#ReplenishElectrolytes,3,590.6666666666666,4.883333333333333
#TrainSmart,2,407.5,2.955
#HeatIllness,1,349,4.28