date,Total Followers,Paid Total Followers
01/01/2026,111313,
01/02/2026,111297,
01/03/2026,111308,
01/04/2026,111299,
01/05/2026,111309,
01/06/2026,111311,
01/07/2026,111314,
01/08/2026,111318,
01/09/2026,111324,
01/10/2026,111313,
01/11/2026,111326,
01/12/2026,111325,
01/13/2026,111323,
01/14/2026,111311,
01/15/2026,111306,
01/16/2026,111323,
01/17/2026,111305,
01/18/2026,111316,
01/19/2026,111317,
01/20/2026,111312,
01/21/2026,111308,
01/22/2026,111306,
01/23/2026,111313,
01/24/2026,111305,
01/25/2026,111309,
01/26/2026,111339,
01/27/2026,111328,
01/28/2026,111388,
01/29/2026,111390,
01/30/2026,111475,
01/31/2026,111456,
02/01/2026,111490,
02/02/2026,111492,
02/03/2026,111522,
02/04/2026,111510,
02/05/2026,111521,
02/06/2026,111508,
02/07/2026,111529,
02/08/2026,111553,
02/09/2026,111584,
02/10/2026,111610,
02/11/2026,111643,
02/12/2026,111651,
02/13/2026,111680,
02/14/2026,111720,
02/15/2026,111700,
02/16/2026,111724,
02/17/2026,111714,
02/18/2026,111791,
02/19/2026,111825,
02/20/2026,111832,
02/21/2026,111837,
02/22/2026,111827,
02/23/2026,111832,
02/24/2026,111837,
02/25/2026,111875,
02/26/2026,111843,
02/27/2026,111899,
02/28/2026,111894,
03/01/2026,111922,
03/02/2026,111929,
03/03/2026,111922,
03/04/2026,111927,
03/05/2026,111946,
03/06/2026,111946,
03/07/2026,111974,
03/08/2026,111970,
03/09/2026,111971,
03/10/2026,111982,
03/11/2026,111981,
03/12/2026,111993,
03/13/2026,112001,
03/14/2026,112025,
03/15/2026,112027,
03/16/2026,112046,
03/17/2026,112099,
03/18/2026,112104,
03/19/2026,112111,
03/20/2026,112115,
03/21/2026,112116,
03/22/2026,112115,
03/23/2026,112121,
03/24/2026,112117,
03/25/2026,112123,
03/26/2026,112203,
03/27/2026,112272,
03/28/2026,112280,
03/29/2026,112266,
03/30/2026,112297,
03/31/2026,112335,
04/01/2026,112344,
04/02/2026,112346,
04/03/2026,112347,
04/04/2026,112339,
04/05/2026,112344,
04/06/2026,112337,
04/07/2026,112335,
04/08/2026,112328,
04/09/2026,112339,
04/10/2026,112348,
04/11/2026,112350,
04/12/2026,112349,
04/13/2026,112345,
04/14/2026,112348,
04/15/2026,112331,
04/16/2026,112328,
04/17/2026,112322,
04/18/2026,112314,
04/19/2026,112325,
04/20/2026,112324,
04/21/2026,112333,
04/22/2026,112322,
04/23/2026,112326,
04/24/2026,112315,
04/25/2026,112328,
04/26/2026,112327,
04/27/2026,112314,
04/28/2026,112301,
04/29/2026,112297,
04/30/2026,112291,
05/01/2026,112300,
05/02/2026,112293,
05/03/2026,112289,
05/04/2026,112293,
05/05/2026,111444,
05/06/2026,111087,
05/07/2026,111070,
05/08/2026,111086,
05/09/2026,111054,
05/10/2026,111068,
05/11/2026,111073,
05/12/2026,111072,
05/13/2026,111092,
05/14/2026,111066,
05/15/2026,111072,
05/16/2026,111081,
05/17/2026,111092,
05/18/2026,111095,
05/19/2026,111086,
05/20/2026,111088,
05/21/2026,111096,
05/22/2026,111089,
05/23/2026,111061,
05/24/2026,111059,
05/25/2026,111071,
05/26/2026,111062,
05/27/2026,111060,
05/28/2026,111059,
05/29/2026,111049,
05/30/2026,111046,
05/31/2026,111049,
06/01/2026,111049,
06/02/2026,111023,
06/03/2026,111010,
06/04/2026,111011,
06/05/2026,111002,
06/06/2026,111006,
06/07/2026,110994,
06/08/2026,110989,
06/09/2026,111027,
06/10/2026,111015,
06/11/2026,111034,
06/12/2026,111045,
06/13/2026,111059,
06/14/2026,111082,
06/15/2026,111085,
06/16/2026,111101,
06/17/2026,111105,
06/18/2026,111097,
06/19/2026,111102,
06/20/2026,111099,
06/21/2026,111083,
06/22/2026,111058,
06/23/2026,111052,
06/24/2026,111051,
06/25/2026,111054,
06/26/2026,111053,
06/27/2026,111049,
06/28/2026,111048,
06/29/2026,111042,
06/30/2026,111039,
07/01/2026,111036,
07/02/2026,111039,
07/03/2026,111023,
07/04/2026,111028,
07/05/2026,111028,
07/06/2026,111014,
07/07/2026,111017,
07/08/2026,111026,
07/09/2026,111016,
07/10/2026,111014,
07/11/2026,111025,
07/12/2026,110999,
07/13/2026,111017,
07/14/2026,111006,
07/15/2026,111017,
07/16/2026,111016,
07/17/2026,111020,
07/18/2026,111012,
07/19/2026,111035,
07/20/2026,111012,
07/21/2026,111017,
07/22/2026,111020,
07/23/2026,111008,
07/24/2026,111016,
07/25/2026,111020,
07/26/2026,111021,
07/27/2026,111007,
07/28/2026,111000,
07/29/2026,111021,
07/30/2026,111027,
07/31/2026,111028,
08/01/2026,111036,
08/02/2026,111030,
08/03/2026,111062,
08/04/2026,111068,
08/05/2026,111065,
08/06/2026,111078,
08/07/2026,111060,
08/08/2026,111054,
08/09/2026,111051,
08/10/2026,111055,
08/11/2026,111058,
08/12/2026,111057,
08/13/2026,111066,
08/14/2026,111076,
08/15/2026,111064,
08/16/2026,111069,
08/17/2026,111085,
08/18/2026,111077,
08/19/2026,111086,
08/20/2026,111120,
08/21/2026,111107,
08/22/2026,111133,
08/23/2026,111146,
08/24/2026,111147,
08/25/2026,111173,
08/26/2026,111170,
08/27/2026,111191,
08/28/2026,111203,
08/29/2026,111227,
08/30/2026,111228,
08/31/2026,111257,
09/01/2026,111257,
09/02/2026,111264,
09/03/2026,111269,
09/04/2026,111284,
09/05/2026,111273,
09/06/2026,111296,
09/07/2026,111303,
09/08/2026,111333,
09/09/2026,111346,
09/10/2026,111362,
09/11/2026,111377,
09/12/2026,111389,
09/13/2026,111371,
09/14/2026,111380,
09/15/2026,111387,
09/16/2026,111390,
09/17/2026,111387,
09/18/2026,111390,
09/19/2026,111405,
09/20/2026,111370,
09/21/2026,111375,
09/22/2026,111387,
09/23/2026,111375,