group,city,count
Your Fans,‏دبي‏، ‏الإمارات العربية المتحدة‏,218307
Your Fans,‏الشارقة‏، ‏الإمارات العربية المتحدة‏,44864
Your Fans,‏أبوظبي‏، ‏الإمارات العربية المتحدة‏,26926
Your Fans,‏عجمان‏، ‏الإمارات العربية المتحدة‏,21830
Your Fans,‏القاهرة‏، ‏محافظة القاهرة‏، ‏مصر‏,10766
Your Fans,‏العين‏، ‏الإمارات العربية المتحدة‏,7151
Your Fans,‏كراتشي‏، ‏السند‏، ‏باكستان‏,5910
Your Fans,‏لاهور‏، ‏البنجاب‏، ‏باكستان‏,4947
Your Fans,‏الإسكندرية‏، ‏محافظة الإسكندرية‏، ‏مصر‏,4941
Your Fans,‏عمان‏، ‏الأردن‏,4146
Your Fans,‏دمشق‏، ‏سوريا‏,3843
Your Fans,‏الرياض‏، ‏السعودية‏,3757
Your Fans,‏‎Musaffah‎‏، ‏‎United Arab Emirates‎‏,3387
Your Fans,‏رأس الخيمة‏، ‏الإمارات العربية المتحدة‏,3311
Your Fans,‏دكا‏، ‏بنغلاديش‏,2356
Your Fans,‏كاتماندو‏، ‏نيبال‏,2063
Your Fans,‏الدوحة‏، ‏قطر‏,2060
Your Fans,‏بغداد‏، ‏العراق‏,1839
Your Fans,‏راولبندي‏، ‏البنجاب‏، ‏باكستان‏,1813
Your Fans,‏شيتاغونغ‏، ‏محافظة تشيتاغونغ‏، ‏بنغلاديش‏,1740
Your Fans,‏أم القيوين‏، ‏الإمارات العربية المتحدة‏,1696
Your Fans,‏إسلام آباد‏، ‏ناحية بايتختي اسلام‌آباد‏، ‏باكستان‏,1550
Your Fans,‏المنصورة‏، ‏الدقهلية‏، ‏مصر‏,1533
Your Fans,‏بيشاور‏، ‏خيبر بختونخوا‏، ‏باكستان‏,1529
Your Fans,‏الدار البيضاء‏، ‏المغرب‏,1494
Your Fans,‏حلب‏، ‏سوريا‏,1480
Your Fans,‏كامبالا‏، ‏أوغندا‏,1441
Your Fans,‏اللاذقية‏، ‏سوريا‏,1408
Your Fans,‏جدة‏، ‏السعودية‏,1388
Your Fans,‏‎Tirur‎‏، ‏‎Kerala‎‏، ‏‎India‎‏,1343
Your Fans,‏الجزائر‏، ‏الجزائر‏,1311
Your Fans,‏فيصل آباد‏، ‏البنجاب‏، ‏باكستان‏,1309
Your Fans,‏مومباي‏، ‏ماهاراشترا‏، ‏الهند‏,1260
Your Fans,‏‎Qatara‎‏، ‏‎United Arab Emirates‎‏,1234
Your Fans,‏السادس من أكتوبر‏، ‏محافظة الجيزة‏، ‏مصر‏,1215
Your Fans,‏الفجيرة‏، ‏الإمارات العربية المتحدة‏,1212
Your Fans,‏‎Nadd ash Shiba‎‏، ‏‎United Arab Emirates‎‏,1196
Your Fans,‏تشيناي‏، ‏تاميل نادو‏، ‏الهند‏,1178
Your Fans,‏‎Umm Suqaym‎‏، ‏‎United Arab Emirates‎‏,1117
Your Fans,‏شبرا الخيمة‏، ‏محافظة القليوبية‏، ‏مصر‏,1103
Your Fans,‏طرابلس‏، ‏ليبيا‏,1086
Your Fans,‏حيدر آباد‏، ‏تيلانغانا‏، ‏الهند‏,1082
Your Fans,‏‎Dairah‎‏، ‏‎United Arab Emirates‎‏,1079
Your Fans,‏جوجرانوالا‏، ‏البنجاب‏، ‏باكستان‏,1051
Your Fans,غزة,1049
Your Fans,‏‎Khaimah‎‏، ‏‎United Arab Emirates‎‏,1043
Your Fans,‏بنغالور‏، ‏كارناتاكا‏، ‏الهند‏,1020
Your Fans,‏‎Al Khan‎‏، ‏‎United Arab Emirates‎‏,999
Your Fans,‏أديس أبابا‏، ‏إثيوبيا‏,980
Your Fans,‏طنطا‏، ‏محافظة الغربية‏، ‏مصر‏,947
Your Fans,‏‎Rashidiyah‎‏، ‏‎United Arab Emirates‎‏,928
Your Fans,‏حماة‏، ‏سوريا‏,926
Your Fans,‏ملتان‏، ‏البنجاب‏، ‏باكستان‏,918
Your Fans,‏كيزون‏، ‏الفلبين‏,913
Your Fans,‏حمص‏، ‏سوريا‏,911
Your Fans,‏الجيزة‏، ‏محافظة الجيزة‏، ‏مصر‏,909
Your Fans,‏‎Dabei‎‏، ‏‎United Arab Emirates‎‏,883
Your Fans,‏‎Margham‎‏، ‏‎United Arab Emirates‎‏,871
Your Fans,‏‎Al Lusayli‎‏، ‏‎United Arab Emirates‎‏,863
Your Fans,‏‎As Shahamah‎‏، ‏‎United Arab Emirates‎‏,859