date,Total Fans,Paid Total Fans
01/01/2026,626580,
01/02/2026,626567,
01/03/2026,626556,
01/04/2026,626541,
01/05/2026,626532,
01/06/2026,626525,
01/07/2026,626512,
01/08/2026,626507,
01/09/2026,626498,
01/10/2026,626492,
01/11/2026,626476,
01/12/2026,626466,
01/13/2026,626459,
01/14/2026,626448,
01/15/2026,626437,
01/16/2026,626436,
01/17/2026,626441,
01/18/2026,626430,
01/19/2026,626417,
01/20/2026,626422,
01/21/2026,626416,
01/22/2026,626416,
01/23/2026,626410,
01/24/2026,626380,
01/25/2026,626376,
01/26/2026,626369,
01/27/2026,626360,
01/28/2026,626354,
01/29/2026,626350,
01/30/2026,626334,
01/31/2026,626316,
02/01/2026,626308,
02/02/2026,626304,
02/03/2026,626298,
02/04/2026,626296,
02/05/2026,626292,
02/06/2026,626286,
02/07/2026,626288,
02/08/2026,626281,
02/09/2026,626276,
02/10/2026,626267,
02/11/2026,626255,
02/12/2026,626252,
02/13/2026,626242,
02/14/2026,626227,
02/15/2026,626221,
02/16/2026,626209,
02/17/2026,626204,
02/18/2026,626197,
02/19/2026,626197,
02/20/2026,626196,
02/21/2026,626186,
02/22/2026,626174,
02/23/2026,626170,
02/24/2026,626173,
02/25/2026,626173,
02/26/2026,626175,
02/27/2026,626182,
02/28/2026,626186,
03/01/2026,626187,
03/02/2026,626210,
03/03/2026,626224,
03/04/2026,626222,
03/05/2026,626229,
03/06/2026,626236,
03/07/2026,626244,
03/08/2026,626248,
03/09/2026,626260,
03/10/2026,626265,
03/11/2026,626268,
03/12/2026,626283,
03/13/2026,622177,
03/14/2026,622174,
03/15/2026,622169,
03/16/2026,622162,
03/17/2026,622166,
03/18/2026,622164,
03/19/2026,622157,
03/20/2026,622160,
03/21/2026,622159,
03/22/2026,622155,
03/23/2026,622145,
03/24/2026,622138,
03/25/2026,622136,
03/26/2026,621754,
03/27/2026,621751,
03/28/2026,621747,
03/29/2026,621743,
03/30/2026,621730,
03/31/2026,621727,
04/01/2026,621712,
04/02/2026,621700,
04/03/2026,621696,
04/04/2026,621683,
04/05/2026,621676,
04/06/2026,621660,
04/07/2026,621649,
04/08/2026,621642,
04/09/2026,621644,
04/10/2026,621637,
04/11/2026,621627,
04/12/2026,621618,
04/13/2026,621617,
04/14/2026,621608,
04/15/2026,621603,
04/16/2026,621592,
04/17/2026,621581,
04/18/2026,621571,
04/19/2026,621572,
04/20/2026,621565,
04/21/2026,621554,
04/22/2026,621549,
04/23/2026,621539,
04/24/2026,621527,
04/25/2026,621516,
04/26/2026,621506,
04/27/2026,621491,
04/28/2026,621481,
04/29/2026,621465,
04/30/2026,621449,
05/01/2026,621439,
05/02/2026,621431,
05/03/2026,621428,
05/04/2026,621423,
05/05/2026,621411,
05/06/2026,621404,
05/07/2026,621403,
05/08/2026,621394,
05/09/2026,621377,
05/10/2026,621363,
05/11/2026,621349,
05/12/2026,621339,
05/13/2026,621336,
05/14/2026,621344,
05/15/2026,621348,
05/16/2026,621352,
05/17/2026,621345,
05/18/2026,621339,
05/19/2026,621332,
05/20/2026,621317,
05/21/2026,621317,
05/22/2026,621299,
05/23/2026,621290,
05/24/2026,621280,
05/25/2026,621268,
05/26/2026,621260,
05/27/2026,621244,
05/28/2026,621230,
05/29/2026,621223,
05/30/2026,621208,
05/31/2026,621182,
06/01/2026,621170,
06/02/2026,621158,
06/03/2026,621144,
06/04/2026,621124,
06/05/2026,621104,
06/06/2026,621094,
06/07/2026,621077,
06/08/2026,621059,
06/09/2026,621046,
06/10/2026,621037,
06/11/2026,621024,
06/12/2026,621011,
06/13/2026,620984,
06/14/2026,620969,
06/15/2026,620948,
06/16/2026,620921,
06/17/2026,620910,
06/18/2026,620907,
06/19/2026,620896,
06/20/2026,620885,
06/21/2026,620875,
06/22/2026,620866,
06/23/2026,620853,
06/24/2026,620830,
06/25/2026,620812,
06/26/2026,620802,
06/27/2026,620790,
06/28/2026,620775,
06/29/2026,620757,
06/30/2026,620740,
07/01/2026,620721,
07/02/2026,620709,
07/03/2026,620690,
07/04/2026,620674,
07/05/2026,620658,
07/06/2026,620639,
07/07/2026,620625,
07/08/2026,620615,
07/09/2026,620594,
07/10/2026,620570,
07/11/2026,620553,
07/12/2026,620546,
07/13/2026,620531,
07/14/2026,620522,
07/15/2026,620508,
07/16/2026,620501,
07/17/2026,620484,
07/18/2026,620474,
07/19/2026,620463,
07/20/2026,620451,
07/21/2026,620450,
07/22/2026,620434,
07/23/2026,620425,
07/24/2026,620414,
07/25/2026,620398,
07/26/2026,620387,
07/27/2026,620368,
07/28/2026,620361,
07/29/2026,620348,
07/30/2026,620333,
07/31/2026,620322,
08/01/2026,620296,
08/02/2026,620287,
08/03/2026,620269,
08/04/2026,620260,
08/05/2026,620258,
08/06/2026,620252,
08/07/2026,620248,
08/08/2026,620243,
08/09/2026,620225,
08/10/2026,620211,
08/11/2026,620200,
08/12/2026,620187,
08/13/2026,620176,
08/14/2026,620163,
08/15/2026,620151,
08/16/2026,620137,
08/17/2026,620125,
08/18/2026,620116,
08/19/2026,620101,
08/20/2026,620085,
08/21/2026,620073,
08/22/2026,620055,
08/23/2026,620039,
08/24/2026,620037,
08/25/2026,620023,
08/26/2026,620005,
08/27/2026,619997,
08/28/2026,619997,
08/29/2026,619994,
08/30/2026,619992,
08/31/2026,619977,
09/01/2026,619973,
09/02/2026,619967,
09/03/2026,619958,
09/04/2026,619950,
09/05/2026,619946,
09/06/2026,619929,
09/07/2026,619918,
09/08/2026,619903,
09/09/2026,619896,
09/10/2026,619890,
09/11/2026,619893,
09/12/2026,619872,
09/13/2026,619860,
09/14/2026,619843,
09/15/2026,619829,
09/16/2026,619817,
09/17/2026,619807,
09/18/2026,619792,
09/19/2026,619784,
09/20/2026,619733,
09/21/2026,619637,
09/22/2026,619588,
09/23/2026,619551,