Metric,Current Value,Previous Value,Change,Change Mode
Posts,1324,1060.98,24.79,percentage
Total Followers,111375,111305,70,absolute
Reactions,15295,16958.64,-9.81,percentage
Comments,12092,10976.76,10.16,percentage
Eng. Rate,3.00,3.52,-14.72,percentage
Views,1250921,1697775.52,-26.32,percentage
Shares,8781,18316.65,-52.06,percentage
Saves,1259,1195.97,5.27,percentage
Follows gained from posts,428,79,441.77,percentage
Reach,1360368,1449667.52,-6.16,percentage
Watch Time (min),8142,8142,0,percentage
Avg. Watch Time (sec),5,5,0,percentage