Date,Followers,Reach,Profile Views,Posts
2026-01-01,,,,0
2026-01-02,,,,0
2026-01-03,,,,1
2026-01-04,,,,0
2026-01-05,,,,0
2026-01-06,,,,0
2026-01-07,,,,0
2026-01-08,,,,0
2026-01-09,,,,0
2026-01-10,,,,0
2026-01-11,,,,1
2026-01-12,,,,0
2026-01-13,,,,1
2026-01-14,,,,0
2026-01-15,,,,0
2026-01-16,,,,0
2026-01-17,,,,1
2026-01-18,,,,1
2026-01-19,,,,1
2026-01-20,,,,2
2026-01-21,,,,0
2026-01-22,,,,1
2026-01-23,,,,1
2026-01-24,,,,0
2026-01-25,,,,0
2026-01-26,,,,3
2026-01-27,,,,1
2026-01-28,,,,0
2026-01-29,,,,0
2026-01-30,,,,0
2026-01-31,,,,0
2026-02-01,,,,0
2026-02-02,,,,0
2026-02-03,,,,1
2026-02-04,,,,0
2026-02-05,,,,1
2026-02-06,,,,1
2026-02-07,,,,0
2026-02-08,,,,0
2026-02-09,,,,1
2026-02-10,,,,0
2026-02-11,,,,1
2026-02-12,,,,0
2026-02-13,,,,1
2026-02-14,,,,0
2026-02-15,,,,0
2026-02-16,,,,2
2026-02-17,,,,3
2026-02-18,,,,2
2026-02-19,,,,2
2026-02-20,,,,0
2026-02-21,,,,1
2026-02-22,,,,0
2026-02-23,,,,0
2026-02-24,,,,1
2026-02-25,,,,1
2026-02-26,,,,0
2026-02-27,,,,1
2026-02-28,,,,1
2026-03-01,,,,0
2026-03-02,,,,1
2026-03-03,,,,0
2026-03-04,,,,1
2026-03-05,,,,0
2026-03-06,,,,2
2026-03-07,,,,1
2026-03-08,,,,1
2026-03-09,,,,1
2026-03-10,6873,382,16,1
2026-03-11,6874,0,0,1
2026-03-12,6875,547,16,2
2026-03-13,6874,0,0,3
2026-03-14,6873,626,17,1
2026-03-15,6875,0,0,1
2026-03-16,6875,7666,17,1
2026-03-17,6871,0,0,1
2026-03-18,6871,6949,8,0
2026-03-19,6871,0,13,1
2026-03-20,6871,6612,9,0
2026-03-21,6873,48959,21,0
2026-03-22,6872,,,0
2026-03-23,6871,22,15,0
2026-03-24,6866,0,0,0
2026-03-25,6866,248,11,1
2026-03-26,6864,0,0,0
2026-03-27,6866,45,13,0
2026-03-28,6869,0,0,1
2026-03-29,6871,183,10,0
2026-03-30,6869,79,12,0
2026-03-31,6868,,,0
2026-04-01,6869,74,10,0
2026-04-02,6873,0,0,1
2026-04-03,6875,695,29,1
2026-04-04,6876,0,0,1
2026-04-05,6876,0,11,1
2026-04-06,6875,0,0,0
2026-04-07,6873,96,10,0
2026-04-08,6873,307,10,1
2026-04-09,6870,,,0
2026-04-10,6870,648,13,2
2026-04-11,6880,0,0,1
2026-04-12,6886,425,22,0
2026-04-13,6888,0,0,1
2026-04-14,6888,173,8,0
2026-04-15,6887,400,3,2
2026-04-16,6885,,,1
2026-04-17,6881,129,9,0
2026-04-18,6884,0,0,1
2026-04-19,6887,831,27,1
2026-04-20,6887,0,11,0
2026-04-21,6884,,,0
2026-04-22,6882,87,13,0
2026-04-23,6882,0,0,1
2026-04-24,6881,529,16,1
2026-04-25,6880,0,0,1
2026-04-26,6880,,,0
2026-04-27,6887,819,30,1
2026-04-28,6886,0,0,0
2026-04-29,6887,235,12,0
2026-04-30,6887,0,0,0
2026-05-01,6887,,,1
2026-05-02,6887,0,7,0
2026-05-03,6883,0,0,0
2026-05-04,6883,196,9,1
2026-05-05,6882,0,0,0
2026-05-06,6882,,,0
2026-05-07,6882,83,0,0
2026-05-08,6882,0,0,3
2026-05-09,6886,796,0,1
2026-05-10,6886,0,0,0
2026-05-11,6886,,,0
2026-05-12,6885,1096,0,1
2026-05-13,6885,0,0,0
2026-05-14,6888,478,19,1
2026-05-15,6883,0,0,2
2026-05-16,6883,,,1
2026-05-17,6884,155,10,0
2026-05-18,6893,0,0,1
2026-05-19,6893,,,1
2026-05-20,6893,306,10,1
2026-05-21,6897,0,0,2
2026-05-22,6901,38588,19,1
2026-05-23,6903,25775,14,0
2026-05-24,6905,,,1
2026-05-25,6906,19120,11,2
2026-05-26,6909,0,0,1
2026-05-27,6909,,,0
2026-05-28,6904,31187,17,0
2026-05-29,6903,0,0,0
2026-05-30,6905,14451,4,0
2026-05-31,6900,0,6,0
2026-06-01,6897,,,0
2026-06-02,6901,20634,20,0
2026-06-03,6935,0,0,1
2026-06-04,6935,,,1
2026-06-05,6949,25605,41,0
2026-06-06,6970,0,0,0
2026-06-07,6970,,,0
2026-06-08,6982,17054,27,1
2026-06-09,6985,0,0,1
2026-06-10,6985,,,1
2026-06-11,6990,27126,42,2
2026-06-12,6991,0,0,0
2026-06-13,6996,26022,23,0
2026-06-14,7004,0,0,0
2026-06-15,7004,,,0
2026-06-16,7009,32115,23,1
2026-06-17,7010,0,0,1
2026-06-18,7010,,,0
2026-06-19,7017,49855,56,1
2026-06-20,7035,0,0,0
2026-06-21,7035,,,0
2026-06-22,7056,35318,28,1
2026-06-23,7075,0,0,0
2026-06-24,7075,,,0
2026-06-25,7111,54669,45,0
2026-06-26,7125,0,0,0
2026-06-27,7125,,,0
2026-06-28,7137,40322,44,0
2026-06-29,7154,0,0,0
2026-06-30,7154,,,0
2026-07-01,7169,26477,25,0
2026-07-02,7174,0,0,1
2026-07-03,7174,,,1
2026-07-04,7172,346,14,1
2026-07-05,7172,0,0,0
2026-07-06,7172,,,0
2026-07-07,7168,308,12,1
2026-07-08,7168,0,0,0
2026-07-09,7168,,,0
2026-07-10,7170,1173,16,3
2026-07-11,7167,0,0,0
2026-07-12,7167,,,0
2026-07-13,7163,120,18,0
2026-07-14,7162,0,0,0
2026-07-15,7162,,,0
2026-07-16,7162,28,10,0
2026-07-17,7161,0,0,1
2026-07-18,7161,,,0
2026-07-19,7160,0,8,0
2026-07-20,7159,0,0,0
2026-07-21,7159,,,0
2026-07-22,7156,1,9,0
2026-07-23,7155,0,9,3
2026-07-24,7158,,,2
2026-07-25,7155,101,5,0
2026-07-26,7152,327,12,1
2026-07-27,7151,26243,29,1
2026-07-28,7150,57267,28,0
2026-07-29,7150,47027,24,0
2026-07-30,7151,3292,18,2
2026-07-31,7149,3255,16,1
2026-08-01,7152,16478,13,0
2026-08-02,7149,66,5,0
2026-08-03,7147,924,7,2
2026-08-04,7143,5443,12,0
2026-08-05,7142,19520,16,0
2026-08-06,7142,17713,13,1
2026-08-07,7143,1725,9,0
2026-08-08,7143,8383,19,3
2026-08-09,7142,19142,21,2
2026-08-10,7145,22846,30,3
2026-08-11,7150,0,20,1
2026-08-12,7145,549,9,1
2026-08-13,7146,8122,8,1
2026-08-14,7149,0,19,3
2026-08-15,7147,93523,53,1
2026-08-16,7149,20139,22,2
2026-08-17,7158,112893,0,0
2026-08-18,7159,62984,54,2
2026-08-19,7158,46702,17,0
2026-08-20,7158,75032,42,1
2026-08-21,7157,30644,50,2
2026-08-22,7160,0,27,2
2026-08-23,7156,0,38,1
2026-08-24,7167,0,68,1
2026-08-25,7185,96920,94,1
2026-08-26,7214,159875,135,1
2026-08-27,7233,70216,80,0
2026-08-28,7249,90739,96,2
2026-08-29,7259,96934,83,3
2026-08-30,7274,77932,87,2
2026-08-31,7282,38944,49,0
2026-09-01,7283,4956,11,1
2026-09-02,7283,6134,11,2
2026-09-03,7283,12271,20,0
2026-09-04,7282,0,9,0
2026-09-05,7282,18414,15,2
2026-09-06,7280,10947,10,0
2026-09-07,7280,175,8,1
2026-09-08,7281,1594,6,1
2026-09-09,7286,61849,31,3
2026-09-10,7288,60638,23,1
2026-09-11,7300,76122,45,2
2026-09-12,7306,67593,33,2
2026-09-13,7315,63097,30,0
2026-09-14,7313,474,11,4
2026-09-15,7312,471,12,0
2026-09-16,7311,141,7,0
2026-09-17,7311,296,19,0
2026-09-18,7312,0,0,1
2026-09-19,7312,293,14,1
2026-09-20,7312,180,3,1
2026-09-21,7309,0,7,0
2026-09-22,7309,,,0
2026-09-23,,,,0